Data,Ora,Valore,NameSensore
10,22:47:19,1,SensAllagamento
10,22:47:29,0,SensAllagamento
10,22:47:39,1,SensAllagamento
10,22:47:49,1,SensAllagamento
10,22:47:59,0,SensAllagamento
10,22:48:09,0,SensAllagamento
10,22:48:19,1,SensAllagamento
10,22:48:29,0,SensAllagamento
10,22:48:39,1,SensAllagamento
10,22:48:49,1,SensAllagamento
10,22:48:59,1,SensAllagamento
10,22:49:09,1,SensAllagamento
10,22:49:19,1,SensAllagamento
10,22:49:29,0,SensAllagamento
10,22:49:39,1,SensAllagamento
10,22:49:49,0,SensAllagamento
10,22:49:59,0,SensAllagamento
10,22:50:09,1,SensAllagamento
10,22:50:19,0,SensAllagamento
10,22:50:29,0,SensAllagamento
10,22:50:39,1,SensAllagamento
10,22:50:49,0,SensAllagamento
10,22:50:59,1,SensAllagamento
10,22:51:09,1,SensAllagamento
10,22:51:19,0,SensAllagamento
10,22:51:29,1,SensAllagamento
10,23:01:30,1,SensAllagamento
10,23:01:40,0,SensAllagamento
10,23:01:50,1,SensAllagamento
10,23:02:00,1,SensAllagamento
10,23:02:10,0,SensAllagamento
10,23:02:20,1,SensAllagamento
10,23:02:30,1,SensAllagamento
10,23:02:40,1,SensAllagamento
10,23:02:50,0,SensAllagamento
10,23:03:00,0,SensAllagamento
10,23:03:10,1,SensAllagamento
10,23:03:20,0,SensAllagamento
10,23:03:30,1,SensAllagamento
10,23:03:40,0,SensAllagamento
10,23:03:50,1,SensAllagamento
10,23:04:00,1,SensAllagamento
10,23:04:10,0,SensAllagamento
10,23:04:20,1,SensAllagamento
10,23:05:40,1,SensAllagamento
10,23:05:50,0,SensAllagamento
10,23:06:00,1,SensAllagamento
10,23:06:10,1,SensAllagamento
10,23:06:20,0,SensAllagamento
10,23:06:30,0,SensAllagamento
10,23:06:40,1,SensAllagamento
10,23:06:50,1,SensAllagamento
10,23:07:00,1,SensAllagamento
10,23:07:10,1,SensAllagamento
10,23:07:20,1,SensAllagamento
10,23:07:30,1,SensAllagamento
10,23:07:40,0,SensAllagamento
10,23:07:50,0,SensAllagamento
10,23:08:00,0,SensAllagamento
10,23:08:10,0,SensAllagamento
10,23:08:20,1,SensAllagamento
10,23:08:30,0,SensAllagamento
10,23:08:40,1,SensAllagamento
10,23:08:50,0,SensAllagamento
10,23:09:00,0,SensAllagamento
10,23:09:11,1,SensAllagamento
10,23:09:21,1,SensAllagamento
10,23:09:31,1,SensAllagamento
10,23:09:41,0,SensAllagamento
10,23:09:51,0,SensAllagamento
10,23:10:01,1,SensAllagamento
10,23:10:11,1,SensAllagamento
10,23:10:21,0,SensAllagamento
10,23:10:31,0,SensAllagamento
10,23:10:41,0,SensAllagamento
10,23:10:51,0,SensAllagamento
10,23:11:01,0,SensAllagamento
10,23:11:11,0,SensAllagamento
10,23:11:21,1,SensAllagamento
10,23:11:31,0,SensAllagamento
10,23:11:41,1,SensAllagamento
10,23:11:51,1,SensAllagamento
10,23:12:01,1,SensAllagamento
10,23:12:11,0,SensAllagamento
10,23:12:21,0,SensAllagamento
10,23:12:31,1,SensAllagamento
10,23:12:41,0,SensAllagamento
10,23:12:51,1,SensAllagamento
10,23:13:01,1,SensAllagamento
10,23:13:11,0,SensAllagamento
10,23:13:21,0,SensAllagamento
10,23:13:31,0,SensAllagamento
10,23:13:41,1,SensAllagamento
10,23:13:51,1,SensAllagamento
10,23:14:01,1,SensAllagamento
10,23:14:11,1,SensAllagamento
10,23:14:21,1,SensAllagamento
10,23:14:31,1,SensAllagamento
10,23:14:41,1,SensAllagamento
10,23:14:51,1,SensAllagamento
10,23:15:01,1,SensAllagamento
10,23:15:11,1,SensAllagamento
10,23:15:21,0,SensAllagamento
10,23:15:31,1,SensAllagamento
10,23:15:41,1,SensAllagamento
10,23:15:51,1,SensAllagamento
10,23:16:01,0,SensAllagamento
10,23:16:11,0,SensAllagamento
10,23:16:21,0,SensAllagamento
10,23:16:31,0,SensAllagamento
10,23:16:41,0,SensAllagamento
10,23:16:51,0,SensAllagamento
10,23:29:42,1,SensAllagamento
10,23:53:24,1,SensAllagamento
