Data,Ora,Valore,NameSensore
27,12:14:40,-10.0,SensTemp1
27,12:14:40,-10.0,SensTemp2
27,12:14:40,-10.0,SensTemp3
27,12:14:50,29.0,SensTemp1
27,12:14:50,29.0,SensTemp2
27,12:14:50,29.0,SensTemp3
27,12:15:10,-6.0,SensTemp1
27,12:15:10,-6.0,SensTemp2
27,12:15:10,-6.0,SensTemp3
27,12:15:30,-5.0,SensTemp1
27,12:15:30,-5.0,SensTemp2
27,12:15:30,-5.0,SensTemp3
27,12:15:50,27.0,SensTemp1
27,12:15:50,27.0,SensTemp2
27,12:15:50,27.0,SensTemp3
27,12:16:00,-8.0,SensTemp1
27,12:16:00,-8.0,SensTemp2
27,12:16:00,-8.0,SensTemp3
27,12:16:30,1.0,SensTemp1
27,12:16:30,1.0,SensTemp2
27,12:16:30,1.0,SensTemp3
27,12:16:40,30.0,SensTemp1
27,12:16:40,30.0,SensTemp2
27,12:16:40,30.0,SensTemp3
