Data,Ora,ValoreFrequenza,ValoreAmpiezza,NameSensore
10,22:47:19,17,1.7,SensVibrazione
10,22:47:29,17,1.4,SensVibrazione
10,22:47:39,15,1.7,SensVibrazione
10,22:47:49,16,1.3,SensVibrazione
10,22:47:59,17,1.6,SensVibrazione
10,22:48:09,18,1.5,SensVibrazione
10,22:48:19,18,1.0,SensVibrazione
10,22:48:29,16,1.9,SensVibrazione
10,22:48:39,15,1.3,SensVibrazione
10,22:48:49,17,1.1,SensVibrazione
10,22:48:59,17,1.3,SensVibrazione
10,22:49:09,18,1.7,SensVibrazione
10,22:49:19,16,1.0,SensVibrazione
10,22:49:29,16,1.7,SensVibrazione
10,22:49:39,15,1.5,SensVibrazione
10,22:49:49,18,1.8,SensVibrazione
10,22:49:59,18,1.3,SensVibrazione
10,22:50:09,18,1.3,SensVibrazione
10,22:50:19,16,1.7,SensVibrazione
10,22:50:29,16,1.3,SensVibrazione
10,22:50:39,17,1.1,SensVibrazione
10,22:50:49,17,1.5,SensVibrazione
10,22:50:59,16,1.0,SensVibrazione
10,22:51:09,16,1.7,SensVibrazione
10,22:51:19,17,1.3,SensVibrazione
10,22:51:29,18,1.1,SensVibrazione
10,23:01:30,18,1.8,SensVibrazione
10,23:01:40,17,1.1,SensVibrazione
10,23:01:50,18,1.9,SensVibrazione
10,23:02:00,16,1.5,SensVibrazione
10,23:02:10,16,1.3,SensVibrazione
10,23:02:20,15,1.9,SensVibrazione
10,23:02:30,17,1.4,SensVibrazione
10,23:02:40,16,1.3,SensVibrazione
10,23:02:50,16,1.7,SensVibrazione
10,23:03:00,17,1.1,SensVibrazione
10,23:03:10,15,1.0,SensVibrazione
10,23:03:20,17,1.1,SensVibrazione
10,23:03:30,15,1.4,SensVibrazione
10,23:03:40,15,1.9,SensVibrazione
10,23:03:50,17,1.2,SensVibrazione
10,23:04:00,15,1.7,SensVibrazione
10,23:04:10,15,1.1,SensVibrazione
10,23:04:20,17,1.9,SensVibrazione
10,23:05:40,15,1.0,SensVibrazione
10,23:05:50,17,1.9,SensVibrazione
10,23:06:00,16,1.1,SensVibrazione
10,23:06:10,16,1.1,SensVibrazione
10,23:06:20,15,1.2,SensVibrazione
10,23:06:30,17,1.1,SensVibrazione
10,23:06:40,15,1.4,SensVibrazione
10,23:06:50,17,1.2,SensVibrazione
10,23:07:00,18,1.2,SensVibrazione
10,23:07:10,15,1.9,SensVibrazione
10,23:07:20,18,1.2,SensVibrazione
10,23:07:30,17,1.2,SensVibrazione
10,23:07:40,18,1.9,SensVibrazione
10,23:07:50,17,1.8,SensVibrazione
10,23:08:00,17,1.7,SensVibrazione
10,23:08:10,16,1.7,SensVibrazione
10,23:08:20,16,1.6,SensVibrazione
10,23:08:30,16,1.4,SensVibrazione
10,23:08:40,16,1.4,SensVibrazione
10,23:08:50,17,1.1,SensVibrazione
10,23:09:00,16,1.4,SensVibrazione
10,23:09:11,18,1.9,SensVibrazione
10,23:09:21,18,1.7,SensVibrazione
10,23:09:31,16,1.2,SensVibrazione
10,23:09:41,17,1.8,SensVibrazione
10,23:09:51,15,1.9,SensVibrazione
10,23:10:01,17,1.8,SensVibrazione
10,23:10:11,17,1.7,SensVibrazione
10,23:10:21,16,1.5,SensVibrazione
10,23:10:31,17,1.3,SensVibrazione
10,23:10:41,16,1.0,SensVibrazione
10,23:10:51,18,1.8,SensVibrazione
10,23:11:01,16,1.6,SensVibrazione
10,23:11:11,16,1.1,SensVibrazione
10,23:11:21,15,1.5,SensVibrazione
10,23:11:31,17,1.1,SensVibrazione
10,23:11:41,16,1.2,SensVibrazione
10,23:11:51,17,1.9,SensVibrazione
10,23:12:01,17,1.7,SensVibrazione
10,23:12:11,18,1.9,SensVibrazione
10,23:12:21,18,1.5,SensVibrazione
10,23:12:31,16,1.5,SensVibrazione
10,23:12:41,18,1.8,SensVibrazione
10,23:12:51,16,1.8,SensVibrazione
10,23:13:01,16,1.3,SensVibrazione
10,23:13:11,18,1.8,SensVibrazione
10,23:13:21,16,1.3,SensVibrazione
10,23:13:31,18,1.2,SensVibrazione
10,23:13:41,15,1.9,SensVibrazione
10,23:13:51,17,1.9,SensVibrazione
10,23:14:01,15,1.7,SensVibrazione
10,23:14:11,17,1.2,SensVibrazione
10,23:14:21,18,1.5,SensVibrazione
10,23:14:31,16,1.6,SensVibrazione
10,23:14:41,18,1.4,SensVibrazione
10,23:14:51,16,1.4,SensVibrazione
10,23:15:01,17,1.8,SensVibrazione
10,23:15:11,16,1.9,SensVibrazione
10,23:15:21,18,1.5,SensVibrazione
10,23:15:31,16,1.0,SensVibrazione
10,23:15:41,18,1.4,SensVibrazione
10,23:15:51,18,1.2,SensVibrazione
10,23:16:01,17,1.3,SensVibrazione
10,23:16:11,16,1.3,SensVibrazione
10,23:16:21,16,1.5,SensVibrazione
10,23:16:31,17,1.9,SensVibrazione
10,23:16:41,17,1.3,SensVibrazione
10,23:16:51,18,1.3,SensVibrazione
10,23:29:42,18,1.1,SensVibrazione
10,23:53:24,16,1.1,SensVibrazione
