Data,Ora,Valore,NameSensore
27,12:14:40,79,SensUmid1
27,12:14:40,79,SensUmid2
27,12:14:40,79,SensUmid3
27,12:14:50,95,SensUmid1
27,12:14:50,95,SensUmid2
27,12:14:50,95,SensUmid3
27,12:15:10,80,SensUmid1
27,12:15:10,80,SensUmid2
27,12:15:10,80,SensUmid3
27,12:15:30,30,SensUmid1
27,12:15:30,30,SensUmid2
27,12:15:30,30,SensUmid3
27,12:15:40,95,SensUmid1
27,12:15:40,95,SensUmid2
27,12:15:40,95,SensUmid3
27,12:15:50,92,SensUmid1
27,12:15:50,92,SensUmid2
27,12:15:50,92,SensUmid3
27,12:16:00,29,SensUmid1
27,12:16:00,29,SensUmid2
27,12:16:00,29,SensUmid3
27,12:16:10,37,SensUmid1
27,12:16:10,37,SensUmid2
27,12:16:10,37,SensUmid3
27,12:16:30,11,SensUmid1
27,12:16:30,11,SensUmid2
27,12:16:30,11,SensUmid3
27,12:16:40,82,SensUmid1
27,12:16:40,82,SensUmid2
27,12:16:40,82,SensUmid3
