Data,Ora,ValoreFrequenza,ValoreAmpiezza,NameSensore
27,12:14:40,9,9.0,SensVibrazione
27,12:14:50,7,8.0,SensVibrazione
27,12:15:00,6,8.0,SensVibrazione
27,12:15:10,8,5.0,SensVibrazione
27,12:15:20,4,0.0,SensVibrazione
27,12:15:30,2,5.0,SensVibrazione
27,12:15:40,6,9.0,SensVibrazione
27,12:15:50,1,3.0,SensVibrazione
27,12:16:00,10,7.0,SensVibrazione
27,12:16:10,0,1.0,SensVibrazione
27,12:16:20,7,10.0,SensVibrazione
27,12:16:30,10,4.0,SensVibrazione
27,12:16:40,7,0.0,SensVibrazione
27,12:16:50,6,2.0,SensVibrazione
